user_id,recommended_products
U1,"['P600', 'P632', 'P54', 'P645', 'P786']"
U10,"['P449', 'P414', 'P423', 'P63', 'P64']"
U100,"['P38', 'P47', 'P499', 'P496', 'P246']"
U1000,"['P979', 'P137', 'P499', 'P368', 'P166']"
U101,"['P378', 'P46', 'P1000', 'P453', 'P297']"
U102,"['P395', 'P198', 'P427', 'P713', 'P743']"
U103,"['P730', 'P889', 'P249', 'P3', 'P122']"
U104,"['P583', 'P204', 'P881', 'P422', 'P117']"
U105,"['P266', 'P153', 'P381', 'P39', 'P551']"
U106,"['P33', 'P391', 'P169', 'P479', 'P478']"
U107,"['P217', 'P300', 'P550', 'P169', 'P319']"
U108,"['P11', 'P246', 'P23', 'P795', 'P157']"
U109,"['P377', 'P216', 'P629', 'P299', 'P414']"
U11,"['P22', 'P991', 'P26', 'P383', 'P459']"
U110,"['P283', 'P140', 'P162', 'P228', 'P583']"
U111,"['P410', 'P238', 'P23', 'P538', 'P712']"
U112,"['P496', 'P499', 'P744', 'P981', 'P617']"
U113,"['P753', 'P350', 'P422', 'P440', 'P878']"
U114,"['P344', 'P322', 'P397', 'P59', 'P677']"
U115,"['P418', 'P162', 'P348', 'P390', 'P618']"
U116,"['P989', 'P918', 'P343', 'P541', 'P318']"
U117,"['P207', 'P262', 'P228', 'P96', 'P305']"
U118,"['P298', 'P239', 'P806', 'P910', 'P996']"
U119,"['P286', 'P602', 'P642', 'P653', 'P958']"
U12,"['P504', 'P458', 'P395', 'P702', 'P759']"
U120,"['P111', 'P461', 'P330', 'P443', 'P288']"
U121,"['P93', 'P630', 'P349', 'P417', 'P483']"
U122,"['P230', 'P39', 'P504', 'P815', 'P920']"
U123,"['P419', 'P451', 'P470', 'P21', 'P282']"
U124,"['P988', 'P873', 'P780', 'P719', 'P691']"
U125,"['P153', 'P604', 'P377', 'P299', 'P550']"
U126,"['P998', 'P549', 'P122', 'P889', 'P168']"
U127,"['P54', 'P146', 'P456', 'P678', 'P309']"
U128,"['P3', 'P54', 'P288', 'P439', 'P742']"
U129,"['P215', 'P230', 'P430', 'P822', 'P195']"
U13,"['P284', 'P497', 'P225', 'P144', 'P137']"
U130,"['P644', 'P654', 'P667', 'P674', 'P494']"
U131,"['P400', 'P377', 'P360', 'P262', 'P128']"
U132,"['P511', 'P112', 'P375', 'P31', 'P575']"
U133,"['P938', 'P935', 'P927', 'P332', 'P918']"
U134,"['P102', 'P543', 'P339', 'P594', 'P621']"
U135,"['P211', 'P620', 'P936', 'P961', 'P18']"
U136,"['P650', 'P999', 'P500', 'P30', 'P409']"
U137,"['P567', 'P126', 'P950', 'P434', 'P156']"
U138,"['P114', 'P458', 'P117', 'P582', 'P39']"
U139,"['P180', 'P343', 'P635', 'P722', 'P989']"
U14,"['P37', 'P348', 'P154', 'P630', 'P710']"
U140,"['P275', 'P191', 'P447', 'P607', 'P96']"
U141,"['P381', 'P289', 'P144', 'P209', 'P621']"
U142,"['P113', 'P52', 'P445', 'P288', 'P118']"
U143,"['P158', 'P389', 'P63', 'P676', 'P685']"
U144,"['P187', 'P566', 'P870', 'P227', 'P337']"
U145,"['P378', 'P322', 'P144', 'P228', 'P583']"
U146,"['P128', 'P319', 'P442', 'P625', 'P699']"
U147,"['P475', 'P805', 'P173', 'P984', 'P601']"
U148,"['P460', 'P243', 'P419', 'P486', 'P557']"
U149,"['P244', 'P394', 'P144', 'P607', 'P654']"
U15,"['P519', 'P935', 'P937', 'P36', 'P404']"
U150,"['P512', 'P990', 'P341', 'P395', 'P476']"
U151,"['P377', 'P660', 'P537', 'P256', 'P345']"
U152,"['P344', 'P454', 'P162', 'P5', 'P399']"
U153,"['P511', 'P41', 'P216', 'P217', 'P543']"
U154,"['P23', 'P358', 'P709', 'P813', 'P871']"
U155,"['P763', 'P77', 'P363', 'P370', 'P208']"
U156,"['P165', 'P176', 'P172', 'P173', 'P154']"
U157,"['P451', 'P355', 'P424', 'P204', 'P347']"
U158,"['P375', 'P628', 'P46', 'P800', 'P500']"
U159,"['P122', 'P270', 'P549', 'P709', 'P754']"
U16,"['P774', 'P165', 'P635', 'P722', 'P963']"
U160,"['P156', 'P410', 'P575', 'P655', 'P706']"
U161,"['P239', 'P633', 'P540', 'P468', 'P968']"
U162,"['P355', 'P233', 'P243', 'P147', 'P55']"
U163,"['P25', 'P580', 'P543', 'P347', 'P642']"
U164,"['P732', 'P766', 'P178', 'P209', 'P621']"
U165,"['P440', 'P112', 'P681', 'P758', 'P880']"
U166,"['P241', 'P683', 'P654', 'P284', 'P91']"
U167,"['P434', 'P933', 'P104', 'P948', 'P917']"
U168,"['P386', 'P187', 'P46', 'P310', 'P769']"
U169,"['P48', 'P445', 'P363', 'P109', 'P305']"
U17,"['P358', 'P13', 'P469', 'P506', 'P101']"
U170,"['P207', 'P210', 'P549', 'P465', 'P349']"
U171,"['P398', 'P501', 'P443', 'P472', 'P332']"
U172,"['P792', 'P556', 'P412', 'P842', 'P976']"
U173,"['P557', 'P432', 'P151', 'P528', 'P495']"
U174,"['P15', 'P847', 'P831', 'P244', 'P459']"
U175,"['P403', 'P404', 'P235', 'P373', 'P825']"
U176,"['P982', 'P1', 'P51', 'P669', 'P710']"
U177,"['P523', 'P328', 'P226', 'P887', 'P578']"
U178,"['P544', 'P629', 'P216', 'P168', 'P380']"
U179,"['P271', 'P375', 'P285', 'P561', 'P624']"
U18,"['P511', 'P223', 'P408', 'P729', 'P782']"
U180,"['P296', 'P176', 'P153', 'P417', 'P180']"
U181,"['P364', 'P39', 'P381', 'P567', 'P569']"
U182,"['P597', 'P468', 'P724', 'P246', 'P149']"
U183,"['P319', 'P128', 'P394', 'P442', 'P625']"
U184,"['P141', 'P25', 'P868', 'P375', 'P824']"
U185,"['P669', 'P272', 'P513', 'P410', 'P109']"
U186,"['P153', 'P537', 'P518', 'P422', 'P227']"
U187,"['P409', 'P999', 'P500', 'P189', 'P128']"
U188,"['P518', 'P367', 'P172', 'P511', 'P672']"
U189,"['P516', 'P546', 'P678', 'P726', 'P874']"
U19,"['P737', 'P560', 'P33', 'P682', 'P848']"
U190,"['P466', 'P687', 'P455', 'P25', 'P713']"
U191,"['P54', 'P14', 'P229', 'P456', 'P365']"
U192,"['P378', 'P28', 'P1000', 'P653', 'P678']"
U193,"['P571', 'P208', 'P714', 'P177', 'P454']"
U194,"['P440', 'P215', 'P685', 'P71', 'P779']"
U195,"['P992', 'P852', 'P168', 'P937', 'P933']"
U196,"['P813', 'P343', 'P724', 'P726', 'P871']"
U197,"['P362', 'P424', 'P377', 'P403', 'P654']"
U198,"['P153', 'P588', 'P594', 'P102', 'P167']"
U199,"['P136', 'P428', 'P497', 'P203', 'P444']"
U2,"['P228', 'P658', 'P662', 'P745', 'P78']"
U20,"['P339', 'P340', 'P594', 'P606', 'P610']"
U200,"['P656', 'P537', 'P815', 'P814', 'P271']"
U201,"['P339', 'P296', 'P297', 'P580', 'P120']"
U202,"['P67', 'P681', 'P682', 'P428', 'P879']"
U203,"['P125', 'P318', 'P580', 'P764', 'P951']"
U204,"['P98', 'P702', 'P952', 'P613', 'P805']"
U205,"['P165', 'P209', 'P628', 'P720', 'P732']"
U206,"['P597', 'P5', 'P355', 'P606', 'P818']"
U207,"['P440', 'P148', 'P415', 'P495', 'P564']"
U208,"['P265', 'P191', 'P221', 'P804', 'P465']"
U209,"['P584', 'P28', 'P902', 'P639', 'P44']"
U21,"['P948', 'P343', 'P180', 'P926', 'P989']"
U210,"['P410', 'P126', 'P575', 'P655', 'P666']"
U211,"['P216', 'P528', 'P634', 'P988', 'P319']"
U212,"['P395', 'P44', 'P619', 'P500', 'P453']"
U213,"['P210', 'P954', 'P57', 'P680', 'P844']"
U214,"['P738', 'P321', 'P754', 'P528', 'P764']"
U215,"['P55', 'P364', 'P3', 'P784', 'P680']"
U216,"['P279', 'P354', 'P14', 'P349', 'P275']"
U217,"['P531', 'P220', 'P515', 'P128', 'P754']"
U218,"['P671', 'P741', 'P947', 'P149', 'P219']"
U219,"['P154', 'P984', 'P218', 'P46', 'P511']"
U22,"['P843', 'P840', 'P333', 'P671', 'P45']"
U220,"['P52', 'P113', 'P288', 'P188', 'P472']"
U221,"['P370', 'P557', 'P121', 'P28', 'P596']"
U222,"['P418', 'P632', 'P663', 'P71', 'P844']"
U223,"['P208', 'P468', 'P571', 'P879', 'P293']"
U224,"['P332', 'P814', 'P912', 'P927', 'P470']"
U225,"['P870', 'P977', 'P227', 'P337', 'P50']"
U226,"['P210', 'P148', 'P428', 'P296', 'P391']"
U227,"['P780', 'P117', 'P458', 'P144', 'P649']"
U228,"['P577', 'P156', 'P752', 'P436', 'P669']"
U229,"['P979', 'P679', 'P702', 'P217', 'P353']"
U23,"['P326', 'P284', 'P360', 'P276', 'P416']"
U230,"['P397', 'P473', 'P119', 'P196', 'P394']"
U231,"['P172', 'P367', 'P776', 'P788', 'P952']"
U232,"['P268', 'P543', 'P297', 'P182', 'P347']"
U233,"['P395', 'P119', 'P215', 'P714', 'P137']"
U234,"['P971', 'P511', 'P844', 'P505', 'P195']"
U235,"['P294', 'P535', 'P722', 'P763', 'P77']"
U236,"['P901', 'P204', 'P324', 'P154', 'P490']"
U237,"['P144', 'P320', 'P238', 'P52', 'P426']"
U238,"['P226', 'P61', 'P654', 'P566', 'P144']"
U239,"['P419', 'P172', 'P778', 'P182', 'P343']"
U24,"['P28', 'P333', 'P120', 'P154', 'P296']"
U240,"['P264', 'P275', 'P153', 'P588', 'P77']"
U241,"['P293', 'P397', 'P852', 'P957', 'P187']"
U242,"['P440', 'P217', 'P830', 'P286', 'P155']"
U243,"['P332', 'P962', 'P196', 'P355', 'P55']"
U244,"['P391', 'P123', 'P414', 'P33', 'P280']"
U245,"['P155', 'P469', 'P493', 'P476', 'P317']"
U246,"['P927', 'P472', 'P11', 'P41', 'P634']"
U247,"['P455', 'P3', 'P550', 'P181', 'P721']"
U248,"['P153', 'P285', 'P902', 'P948', 'P528']"
U249,"['P139', 'P190', 'P345', 'P553', 'P560']"
U25,"['P465', 'P162', 'P1000', 'P33', 'P374']"
U250,"['P591', 'P781', 'P731', 'P125', 'P972']"
U251,"['P332', 'P251', 'P130', 'P385', 'P401']"
U252,"['P183', 'P644', 'P654', 'P674', 'P803']"
U253,"['P442', 'P254', 'P651', 'P413', 'P137']"
U254,"['P449', 'P423', 'P559', 'P687', 'P725']"
U255,"['P20', 'P1', 'P675', 'P748', 'P222']"
U256,"['P268', 'P975', 'P449', 'P114', 'P423']"
U257,"['P977', 'P73', 'P469', 'P662', 'P282']"
U258,"['P364', 'P27', 'P457', 'P645', 'P830']"
U259,"['P367', 'P518', 'P172', 'P685', 'P952']"
U26,"['P268', 'P263', 'P692', 'P709', 'P759']"
U260,"['P144', 'P59', 'P394', 'P344', 'P971']"
U261,"['P254', 'P214', 'P137', 'P349', 'P623']"
U262,"['P32', 'P443', 'P650', 'P655', 'P743']"
U263,"['P892', 'P798', 'P133', 'P678', 'P249']"
U264,"['P537', 'P571', 'P232', 'P547', 'P367']"
U265,"['P950', 'P775', 'P675', 'P301', 'P748']"
U266,"['P800', 'P556', 'P407', 'P891', 'P64']"
U267,"['P194', 'P181', 'P24', 'P322', 'P46']"
U268,"['P812', 'P244', 'P153', 'P237', 'P283']"
U269,"['P465', 'P353', 'P997', 'P738', 'P737']"
U27,"['P993', 'P166', 'P386', 'P379', 'P656']"
U270,"['P588', 'P333', 'P809', 'P858', 'P120']"
U271,"['P239', 'P226', 'P726', 'P744', 'P806']"
U272,"['P575', 'P286', 'P641', 'P913', 'P1000']"
U273,"['P456', 'P358', 'P368', 'P146', 'P645']"
U274,"['P537', 'P351', 'P440', 'P7', 'P718']"
U275,"['P607', 'P130', 'P375', 'P251', 'P322']"
U276,"['P370', 'P124', 'P941', 'P344', 'P275']"
U277,"['P395', 'P185', 'P427', 'P289', 'P645']"
U278,"['P203', 'P649', 'P683', 'P716', 'P902']"
U279,"['P33', 'P251', 'P687', 'P935', 'P268']"
U28,"['P120', 'P187', 'P154', 'P601', 'P633']"
U280,"['P158', 'P225', 'P208', 'P433', 'P222']"
U281,"['P703', 'P364', 'P652', 'P734', 'P764']"
U282,"['P260', 'P473', 'P562', 'P637', 'P664']"
U283,"['P146', 'P398', 'P79', 'P908', 'P943']"
U284,"['P225', 'P720', 'P769', 'P561', 'P724']"
U285,"['P332', 'P506', 'P347', 'P204', 'P450']"
U286,"['P649', 'P26', 'P261', 'P285', 'P137']"
U287,"['P12', 'P191', 'P876', 'P889', 'P958']"
U288,"['P999', 'P468', 'P853', 'P523', 'P718']"
U289,"['P977', 'P310', 'P457', 'P533', 'P113']"
U29,"['P628', 'P198', 'P610', 'P788', 'P916']"
U290,"['P99', 'P418', 'P622', 'P5', 'P374']"
U291,"['P378', 'P318', 'P455', 'P331', 'P123']"
U292,"['P434', 'P675', 'P264', 'P152', 'P690']"
U293,"['P252', 'P195', 'P385', 'P343', 'P70']"
U294,"['P215', 'P415', 'P860', 'P326', 'P129']"
U295,"['P938', 'P472', 'P185', 'P807', 'P651']"
U296,"['P337', 'P391', 'P496', 'P428', 'P296']"
U297,"['P214', 'P600', 'P886', 'P924', 'P972']"
U298,"['P929', 'P474', 'P571', 'P146', 'P353']"
U299,"['P241', 'P447', 'P284', 'P359', 'P628']"
U3,"['P851', 'P919', 'P347', 'P280', 'P293']"
U30,"['P225', 'P528', 'P460', 'P278', 'P289']"
U300,"['P821', 'P311', 'P440', 'P445', 'P594']"
U301,"['P1000', 'P259', 'P681', 'P282', 'P170']"
U302,"['P775', 'P210', 'P263', 'P419', 'P884']"
U303,"['P138', 'P293', 'P632', 'P972', 'P102']"
U304,"['P571', 'P685', 'P23', 'P1', 'P48']"
U305,"['P266', 'P495', 'P320', 'P172', 'P645']"
U306,"['P229', 'P279', 'P67', 'P73', 'P778']"
U307,"['P52', 'P111', 'P91', 'P993', 'P507']"
U308,"['P381', 'P168', 'P223', 'P239', 'P586']"
U309,"['P173', 'P28', 'P611', 'P809', 'P929']"
U31,"['P1000', 'P391', 'P45', 'P381', 'P374']"
U310,"['P19', 'P720', 'P225', 'P748', 'P75']"
U311,"['P74', 'P75', 'P122', 'P790', 'P535']"
U312,"['P342', 'P44', 'P315', 'P375', 'P285']"
U313,"['P268', 'P72', 'P749', 'P754', 'P493']"
U314,"['P718', 'P820', 'P96', 'P246', 'P469']"
U315,"['P870', 'P358', 'P513', 'P18', 'P171']"
U316,"['P394', 'P193', 'P544', 'P629', 'P380']"
U317,"['P25', 'P198', 'P629', 'P652', 'P734']"
U318,"['P537', 'P444', 'P298', 'P650', 'P781']"
U319,"['P129', 'P13', 'P489', 'P612', 'P314']"
U32,"['P358', 'P208', 'P343', 'P573', 'P882']"
U320,"['P434', 'P573', 'P615', 'P822', 'P950']"
U321,"['P916', 'P117', 'P204', 'P723', 'P198']"
U322,"['P988', 'P14', 'P654', 'P742', 'P752']"
U323,"['P504', 'P646', 'P215', 'P285', 'P381']"
U324,"['P211', 'P624', 'P850', 'P287', 'P348']"
U325,"['P188', 'P394', 'P450', 'P526', 'P38']"
U326,"['P111', 'P329', 'P350', 'P454', 'P488']"
U327,"['P152', 'P991', 'P248', 'P264', 'P953']"
U328,"['P31', 'P381', 'P544', 'P379', 'P427']"
U329,"['P191', 'P310', 'P221', 'P804', 'P234']"
U33,"['P261', 'P3', 'P835', 'P162', 'P242']"
U330,"['P783', 'P290', 'P287', 'P874', 'P963']"
U331,"['P332', 'P606', 'P814', 'P899', 'P365']"
U332,"['P866', 'P868', 'P933', 'P439', 'P993']"
U333,"['P347', 'P355', 'P123', 'P280', 'P405']"
U334,"['P165', 'P145', 'P682', 'P874', 'P414']"
U335,"['P628', 'P275', 'P21', 'P77', 'P883']"
U336,"['P521', 'P486', 'P367', 'P223', 'P120']"
U337,"['P299', 'P397', 'P15', 'P629', 'P713']"
U338,"['P559', 'P349', 'P28', 'P229', 'P542']"
U339,"['P297', 'P453', 'P194', 'P378', 'P46']"
U34,"['P437', 'P929', 'P991', 'P618', 'P763']"
U340,"['P671', 'P731', 'P741', 'P695', 'P817']"
U341,"['P466', 'P282', 'P936', 'P440', 'P717']"
U342,"['P123', 'P25', 'P280', 'P414', 'P228']"
U343,"['P299', 'P124', 'P449', 'P554', 'P15']"
U344,"['P148', 'P465', 'P444', 'P904', 'P361']"
U345,"['P211', 'P397', 'P217', 'P511', 'P604']"
U346,"['P53', 'P186', 'P929', 'P557', 'P780']"
U347,"['P154', 'P195', 'P435', 'P333', 'P584']"
U348,"['P332', 'P125', 'P606', 'P814', 'P85']"
U349,"['P114', 'P462', 'P113', 'P145', 'P347']"
U35,"['P529', 'P182', 'P916', 'P1', 'P997']"
U350,"['P960', 'P513', 'P286', 'P99', 'P138']"
U351,"['P610', 'P975', 'P375', 'P171', 'P167']"
U352,"['P424', 'P513', 'P813', 'P373', 'P753']"
U353,"['P371', 'P271', 'P898', 'P937', 'P438']"
U354,"['P299', 'P275', 'P76', 'P870', 'P977']"
U355,"['P541', 'P186', 'P187', 'P329', 'P557']"
U356,"['P63', 'P64', 'P808', 'P859', 'P379']"
U357,"['P246', 'P724', 'P726', 'P910', 'P918']"
U358,"['P966', 'P47', 'P745', 'P496', 'P246']"
U359,"['P410', 'P115', 'P298', 'P139', 'P273']"
U36,"['P416', 'P325', 'P137', 'P443', 'P321']"
U360,"['P577', 'P504', 'P627', 'P637', 'P353']"
U361,"['P948', 'P51', 'P514', 'P599', 'P739']"
U362,"['P364', 'P141', 'P320', 'P275', 'P596']"
U363,"['P10', 'P347', 'P148', 'P120', 'P501']"
U364,"['P678', 'P712', 'P249', 'P376', 'P641']"
U365,"['P194', 'P46', 'P286', 'P253', 'P540']"
U366,"['P35', 'P214', 'P449', 'P423', 'P123']"
U367,"['P14', 'P61', 'P501', 'P328', 'P137']"
U368,"['P742', 'P288', 'P111', 'P21', 'P54']"
U369,"['P503', 'P165', 'P120', 'P437', 'P512']"
U37,"['P571', 'P387', 'P889', 'P447', 'P631']"
U370,"['P481', 'P21', 'P479', 'P573', 'P63']"
U371,"['P386', 'P468', 'P454', 'P93', 'P236']"
U372,"['P355', 'P347', 'P211', 'P344', 'P537']"
U373,"['P579', 'P950', 'P14', 'P61', 'P414']"
U374,"['P460', 'P506', 'P55', 'P647', 'P672']"
U375,"['P927', 'P846', 'P431', 'P899', 'P748']"
U376,"['P324', 'P573', 'P660', 'P301', 'P542']"
U377,"['P397', 'P997', 'P73', 'P738', 'P734']"
U378,"['P28', 'P397', 'P846', 'P383', 'P152']"
U379,"['P849', 'P24', 'P147', 'P831', 'P734']"
U38,"['P689', 'P451', 'P374', 'P615', 'P378']"
U380,"['P138', 'P685', 'P1', 'P285', 'P48']"
U381,"['P65', 'P348', 'P479', 'P37', 'P639']"
U382,"['P93', 'P459', 'P502', 'P821', 'P880']"
U383,"['P210', 'P954', 'P224', 'P836', 'P894']"
U384,"['P5', 'P444', 'P428', 'P162', 'P910']"
U385,"['P340', 'P409', 'P543', 'P264', 'P606']"
U386,"['P317', 'P192', 'P119', 'P196', 'P358']"
U387,"['P473', 'P418', 'P457', 'P285', 'P131']"
U388,"['P244', 'P453', 'P297', 'P285', 'P286']"
U389,"['P36', 'P968', 'P381', 'P39', 'P533']"
U39,"['P452', 'P434', 'P354', 'P58', 'P792']"
U390,"['P125', 'P123', 'P501', 'P919', 'P951']"
U391,"['P982', 'P559', 'P486', 'P675', 'P562']"
U392,"['P511', 'P472', 'P124', 'P125', 'P789']"
U393,"['P263', 'P119', 'P282', 'P5', 'P451']"
U394,"['P504', 'P392', 'P600', 'P625', 'P632']"
U395,"['P457', 'P25', 'P406', 'P883', 'P217']"
U396,"['P582', 'P719', 'P652', 'P822', 'P225']"
U397,"['P912', 'P235', 'P514', 'P218', 'P369']"
U398,"['P48', 'P49', 'P685', 'P914', 'P18']"
U399,"['P611', 'P786', 'P763', 'P74', 'P600']"
U4,"['P381', 'P981', 'P39', 'P870', 'P72']"
U40,"['P273', 'P310', 'P707', 'P886', 'P910']"
U400,"['P937', 'P101', 'P406', 'P962', 'P986']"
U401,"['P174', 'P266', 'P138', 'P464', 'P567']"
U402,"['P210', 'P153', 'P24', 'P556', 'P692']"
U403,"['P558', 'P847', 'P191', 'P804', 'P745']"
U404,"['P38', 'P401', 'P535', 'P813', 'P82']"
U405,"['P654', 'P241', 'P686', 'P359', 'P661']"
U406,"['P414', 'P364', 'P764', 'P878', 'P409']"
U407,"['P332', 'P55', 'P355', 'P651', 'P265']"
U408,"['P226', 'P371', 'P105', 'P177', 'P357']"
U409,"['P532', 'P274', 'P95', 'P358', 'P462']"
U41,"['P681', 'P401', 'P33', 'P70', 'P297']"
U410,"['P401', 'P1', 'P443', 'P507', 'P580']"
U411,"['P102', 'P472', 'P621', 'P899', 'P997']"
U412,"['P230', 'P508', 'P113', 'P537', 'P642']"
U413,"['P470', 'P862', 'P643', 'P174', 'P807']"
U414,"['P163', 'P249', 'P444', 'P428', 'P681']"
U415,"['P297', 'P162', 'P402', 'P253', 'P446']"
U416,"['P254', 'P440', 'P384', 'P865', 'P914']"
U417,"['P308', 'P144', 'P444', 'P670', 'P521']"
U418,"['P290', 'P340', 'P472', 'P621', 'P629']"
U419,"['P544', 'P379', 'P285', 'P656', 'P156']"
U42,"['P447', 'P23', 'P470', 'P745', 'P761']"
U420,"['P594', 'P504', 'P798', 'P409', 'P441']"
U421,"['P575', 'P952', 'P527', 'P270', 'P130']"
U422,"['P410', 'P238', 'P388', 'P23', 'P538']"
U423,"['P236', 'P20', 'P615', 'P733', 'P879']"
U424,"['P474', 'P342', 'P447', 'P131', 'P804']"
U425,"['P597', 'P236', 'P186', 'P187', 'P557']"
U426,"['P263', 'P48', 'P692', 'P759', 'P879']"
U427,"['P720', 'P427', 'P551', 'P266', 'P395']"
U428,"['P326', 'P515', 'P108', 'P698', 'P76']"
U429,"['P476', 'P195', 'P545', 'P459', 'P658']"
U43,"['P532', 'P88', 'P935', 'P937', 'P51']"
U430,"['P492', 'P246', 'P189', 'P38', 'P617']"
U431,"['P323', 'P546', 'P516', 'P795', 'P877']"
U432,"['P153', 'P491', 'P620', 'P670', 'P73']"
U433,"['P315', 'P447', 'P12', 'P221', 'P310']"
U434,"['P326', 'P567', 'P586', 'P872', 'P196']"
U435,"['P557', 'P839', 'P300', 'P748', 'P180']"
U436,"['P789', 'P983', 'P298', 'P513', 'P358']"
U437,"['P998', 'P378', 'P181', 'P244', 'P760']"
U438,"['P612', 'P144', 'P910', 'P649', 'P364']"
U439,"['P172', 'P268', 'P270', 'P617', 'P728']"
U44,"['P299', 'P275', 'P76', 'P870', 'P158']"
U440,"['P330', 'P287', 'P339', 'P507', 'P102']"
U441,"['P410', 'P238', 'P938', 'P181', 'P24']"
U442,"['P138', 'P326', 'P222', 'P632', 'P66']"
U443,"['P642', 'P66', 'P712', 'P859', 'P278']"
U444,"['P145', 'P113', 'P123', 'P642', 'P780']"
U445,"['P575', 'P501', 'P641', 'P434', 'P530']"
U446,"['P418', 'P33', 'P492', 'P262', 'P149']"
U447,"['P72', 'P455', 'P717', 'P62', 'P811']"
U448,"['P612', 'P915', 'P891', 'P500', 'P775']"
U449,"['P168', 'P443', 'P288', 'P719', 'P784']"
U45,"['P153', 'P707', 'P225', 'P910', 'P797']"
U450,"['P400', 'P162', 'P265', 'P805', 'P872']"
U451,"['P531', 'P392', 'P546', 'P319', 'P321']"
U452,"['P154', 'P114', 'P450', 'P506', 'P173']"
U453,"['P239', 'P767', 'P429', 'P621', 'P651']"
U454,"['P251', 'P790', 'P937', 'P135', 'P479']"
U455,"['P138', 'P473', 'P196', 'P119', 'P600']"
U456,"['P472', 'P670', 'P745', 'P769', 'P185']"
U457,"['P490', 'P374', 'P204', 'P443', 'P59']"
U458,"['P535', 'P129', 'P140', 'P857', 'P906']"
U459,"['P125', 'P377', 'P8', 'P921', 'P53']"
U46,"['P223', 'P518', 'P776', 'P713', 'P714']"
U460,"['P172', 'P254', 'P440', 'P367', 'P384']"
U461,"['P173', 'P851', 'P367', 'P250', 'P407']"
U462,"['P215', 'P401', 'P512', 'P920', 'P396']"
U463,"['P501', 'P496', 'P214', 'P617', 'P966']"
U464,"['P330', 'P374', 'P1000', 'P540', 'P176']"
U465,"['P329', 'P236', 'P504', 'P859', 'P292']"
U466,"['P321', 'P215', 'P70', 'P914', 'P109']"
U467,"['P724', 'P726', 'P743', 'P249', 'P183']"
U468,"['P57', 'P497', 'P168', 'P451', 'P46']"
U469,"['P326', 'P293', 'P443', 'P566', 'P656']"
U47,"['P594', 'P277', 'P841', 'P991', 'P835']"
U470,"['P193', 'P322', 'P355', 'P450', 'P460']"
U471,"['P357', 'P205', 'P501', 'P177', 'P16']"
U472,"['P435', 'P391', 'P415', 'P496', 'P37']"
U473,"['P13', 'P301', 'P1', 'P179', 'P675']"
U474,"['P165', 'P64', 'P836', 'P888', 'P975']"
U475,"['P961', 'P508', 'P507', 'P580', 'P742']"
U476,"['P418', 'P173', 'P333', 'P27', 'P9']"
U477,"['P443', 'P409', 'P792', 'P857', 'P48']"
U478,"['P470', 'P273', 'P475', 'P664', 'P783']"
U479,"['P998', 'P781', 'P272', 'P351', 'P70']"
U48,"['P166', 'P111', 'P473', 'P221', 'P474']"
U480,"['P153', 'P293', 'P505', 'P640', 'P647']"
U481,"['P46', 'P520', 'P681', 'P696', 'P765']"
U482,"['P166', 'P285', 'P443', 'P52', 'P650']"
U483,"['P123', 'P331', 'P455', 'P611', 'P763']"
U484,"['P112', 'P364', 'P350', 'P739', 'P910']"
U485,"['P319', 'P442', 'P625', 'P699', 'P412']"
U486,"['P328', 'P409', 'P268', 'P546', 'P469']"
U487,"['P491', 'P42', 'P670', 'P933', 'P966']"
U488,"['P156', 'P538', 'P238', 'P23', 'P575']"
U489,"['P82', 'P838', 'P148', 'P863', 'P9']"
U49,"['P1', 'P573', 'P748', 'P882', 'P156']"
U490,"['P153', 'P375', 'P364', 'P263', 'P692']"
U491,"['P214', 'P530', 'P414', 'P499', 'P268']"
U492,"['P526', 'P372', 'P493', 'P405', 'P131']"
U493,"['P419', 'P320', 'P697', 'P673', 'P556']"
U494,"['P25', 'P406', 'P968', 'P980', 'P122']"
U495,"['P120', 'P437', 'P216', 'P517', 'P577']"
U496,"['P512', 'P330', 'P332', 'P687', 'P82']"
U497,"['P395', 'P183', 'P662', 'P436', 'P167']"
U499,"['P54', 'P458', 'P368', 'P711', 'P708']"
U5,"['P320', 'P125', 'P41', 'P317', 'P278']"
U50,"['P775', 'P891', 'P407', 'P610', 'P713']"
U500,"['P375', 'P46', 'P170', 'P451', 'P52']"
U501,"['P906', 'P809', 'P445', 'P226', 'P285']"
U502,"['P174', 'P472', 'P340', 'P102', 'P413']"
U503,"['P532', 'P378', 'P181', 'P611', 'P751']"
U504,"['P111', 'P288', 'P326', 'P168', 'P650']"
U505,"['P245', 'P261', 'P48', 'P535', 'P420']"
U506,"['P210', 'P116', 'P1000', 'P259', 'P334']"
U507,"['P434', 'P963', 'P318', 'P675', 'P557']"
U508,"['P165', 'P526', 'P437', 'P513', 'P24']"
U509,"['P921', 'P562', 'P390', 'P418', 'P353']"
U51,"['P822', 'P719', 'P691', 'P114', 'P225']"
U510,"['P759', 'P30', 'P575', 'P461', 'P158']"
U511,"['P107', 'P628', 'P886', 'P789', 'P21']"
U512,"['P405', 'P508', 'P136', 'P867', 'P280']"
U513,"['P459', 'P358', 'P821', 'P975', 'P169']"
U514,"['P213', 'P870', 'P337', 'P227', 'P229']"
U515,"['P168', 'P326', 'P650', 'P872', 'P276']"
U516,"['P443', 'P413', 'P311', 'P546', 'P174']"
U517,"['P545', 'P714', 'P262', 'P556', 'P131']"
U518,"['P311', 'P442', 'P993', 'P516', 'P112']"
U519,"['P321', 'P22', 'P394', 'P193', 'P465']"
U52,"['P557', 'P190', 'P423', 'P247', 'P553']"
U520,"['P526', 'P176', 'P228', 'P296', 'P63']"
U521,"['P315', 'P470', 'P761', 'P137', 'P12']"
U522,"['P30', 'P258', 'P443', 'P600', 'P958']"
U523,"['P776', 'P364', 'P177', 'P312', 'P799']"
U524,"['P295', 'P364', 'P201', 'P163', 'P297']"
U525,"['P274', 'P469', 'P523', 'P690', 'P935']"
U526,"['P882', 'P686', 'P841', 'P326', 'P73']"
U527,"['P28', 'P249', 'P469', 'P591', 'P282']"
U528,"['P239', 'P168', 'P223', 'P586', 'P743']"
U529,"['P711', 'P571', 'P424', 'P531', 'P501']"
U53,"['P211', 'P287', 'P594', 'P744', 'P953']"
U530,"['P254', 'P217', 'P384', 'P440', 'P377']"
U531,"['P227', 'P268', 'P754', 'P210', 'P249']"
U532,"['P871', 'P813', 'P252', 'P269', 'P913']"
U533,"['P53', 'P674', 'P318', 'P249', 'P457']"
U534,"['P7', 'P252', 'P207', 'P365', 'P54']"
U535,"['P427', 'P501', 'P123', 'P405', 'P867']"
U536,"['P168', 'P111', 'P443', 'P628', 'P410']"
U537,"['P180', 'P541', 'P186', 'P108', 'P343']"
U538,"['P520', 'P348', 'P59', 'P607', 'P696']"
U539,"['P695', 'P172', 'P967', 'P130', 'P927']"
U54,"['P423', 'P449', 'P414', 'P63', 'P719']"
U540,"['P13', 'P483', 'P132', 'P196', 'P273']"
U541,"['P225', 'P468', 'P454', 'P364', 'P571']"
U542,"['P470', 'P585', 'P732', 'P786', 'P3']"
U543,"['P8', 'P873', 'P20', 'P238', 'P435']"
U544,"['P766', 'P37', 'P928', 'P304', 'P630']"
U545,"['P806', 'P285', 'P405', 'P99', 'P597']"
U546,"['P516', 'P321', 'P170', 'P815', 'P484']"
U547,"['P28', 'P469', 'P364', 'P141', 'P317']"
U548,"['P259', 'P153', 'P223', 'P417', 'P26']"
U549,"['P244', 'P341', 'P283', 'P495', 'P640']"
U55,"['P830', 'P418', 'P318', 'P774', 'P700']"
U550,"['P159', 'P63', 'P418', 'P802', 'P291']"
U551,"['P112', 'P128', 'P536', 'P361', 'P381']"
U552,"['P954', 'P545', 'P279', 'P391', 'P116']"
U553,"['P824', 'P204', 'P322', 'P520', 'P490']"
U554,"['P32', 'P361', 'P427', 'P395', 'P264']"
U555,"['P125', 'P332', 'P606', 'P85', 'P899']"
U556,"['P270', 'P491', 'P620', 'P670', 'P936']"
U557,"['P629', 'P443', 'P440', 'P827', 'P780']"
U558,"['P414', 'P434', 'P162', 'P545', 'P758']"
U559,"['P679', 'P146', 'P543', 'P153', 'P610']"
U56,"['P275', 'P363', 'P324', 'P564', 'P753']"
U560,"['P395', 'P495', 'P427', 'P185', 'P70']"
U561,"['P179', 'P434', 'P459', 'P655', 'P712']"
U562,"['P344', 'P353', 'P499', 'P368', 'P166']"
U563,"['P831', 'P300', 'P237', 'P344', 'P216']"
U564,"['P193', 'P144', 'P244', 'P607', 'P819']"
U565,"['P379', 'P562', 'P166', 'P222', 'P655']"
U566,"['P497', 'P12', 'P868', 'P876', 'P889']"
U567,"['P434', 'P368', 'P884', 'P685', 'P482']"
U568,"['P207', 'P54', 'P365', 'P594', 'P952']"
U569,"['P682', 'P340', 'P543', 'P339', 'P594']"
U57,"['P230', 'P897', 'P393', 'P3', 'P419']"
U570,"['P286', 'P1000', 'P244', 'P194', 'P46']"
U571,"['P130', 'P496', 'P499', 'P31', 'P387']"
U572,"['P381', 'P402', 'P201', 'P292', 'P117']"
U573,"['P494', 'P965', 'P203', 'P20', 'P205']"
U574,"['P820', 'P314', 'P328', 'P662', 'P317']"
U575,"['P148', 'P118', 'P500', 'P526', 'P312']"
U576,"['P260', 'P814', 'P994', 'P428', 'P342']"
U577,"['P27', 'P806', 'P865', 'P921', 'P929']"
U578,"['P358', 'P435', 'P300', 'P444', 'P120']"
U579,"['P779', 'P982', 'P991', 'P182', 'P660']"
U58,"['P600', 'P958', 'P983', 'P640', 'P407']"
U580,"['P381', 'P289', 'P629', 'P720', 'P734']"
U581,"['P748', 'P917', 'P73', 'P443', 'P882']"
U582,"['P272', 'P414', 'P386', 'P460', 'P451']"
U583,"['P366', 'P332', 'P606', 'P814', 'P899']"
U584,"['P980', 'P149', 'P246', 'P410', 'P918']"
U585,"['P272', 'P881', 'P526', 'P252', 'P120']"
U586,"['P137', 'P54', 'P279', 'P207', 'P456']"
U587,"['P128', 'P442', 'P319', 'P634', 'P223']"
U588,"['P377', 'P192', 'P28', 'P112', 'P443']"
U589,"['P301', 'P1', 'P179', 'P675', 'P748']"
U59,"['P236', 'P237', 'P186', 'P541', 'P566']"
U590,"['P568', 'P188', 'P389', 'P934', 'P65']"
U591,"['P393', 'P642', 'P692', 'P711', 'P859']"
U592,"['P980', 'P174', 'P225', 'P649', 'P724']"
U593,"['P743', 'P389', 'P468', 'P108', 'P461']"
U594,"['P391', 'P339', 'P569', 'P764', 'P88']"
U595,"['P246', 'P380', 'P487', 'P847', 'P47']"
U596,"['P113', 'P185', 'P381', 'P642', 'P691']"
U597,"['P720', 'P289', 'P185', 'P277', 'P671']"
U598,"['P427', 'P223', 'P367', 'P405', 'P440']"
U599,"['P444', 'P628', 'P434', 'P304', 'P315']"
U6,"['P353', 'P386', 'P321', 'P484', 'P246']"
U60,"['P408', 'P919', 'P962', 'P144', 'P347']"
U600,"['P379', 'P117', 'P215', 'P225', 'P666']"
U601,"['P216', 'P517', 'P381', 'P185', 'P145']"
U602,"['P642', 'P858', 'P798', 'P780', 'P339']"
U603,"['P116', 'P894', 'P505', 'P166', 'P168']"
U604,"['P93', 'P483', 'P417', 'P349', 'P576']"
U605,"['P193', 'P165', 'P738', 'P780', 'P971']"
U606,"['P915', 'P310', 'P610', 'P775', 'P801']"
U607,"['P536', 'P355', 'P143', 'P378', 'P796']"
U608,"['P296', 'P115', 'P297', 'P560', 'P298']"
U609,"['P547', 'P155', 'P435', 'P43', 'P859']"
U61,"['P431', 'P240', 'P481', 'P434', 'P440']"
U610,"['P176', 'P10', 'P120', 'P30', 'P415']"
U611,"['P153', 'P264', 'P71', 'P830', 'P339']"
U612,"['P672', 'P831', 'P298', 'P781', 'P650']"
U613,"['P324', 'P344', 'P440', 'P162', 'P682']"
U614,"['P129', 'P717', 'P669', 'P26', 'P374']"
U615,"['P898', 'P244', 'P937', 'P108', 'P86']"
U616,"['P524', 'P372', 'P74', 'P790', 'P239']"
U617,"['P364', 'P600', 'P726', 'P492', 'P716']"
U618,"['P176', 'P343', 'P120', 'P13', 'P749']"
U619,"['P457', 'P662', 'P167', 'P523', 'P820']"
U62,"['P121', 'P110', 'P600', 'P886', 'P943']"
U620,"['P432', 'P514', 'P151', 'P98', 'P989']"
U621,"['P782', 'P395', 'P649', 'P436', 'P130']"
U622,"['P520', 'P153', 'P696', 'P259', 'P227']"
U623,"['P1', 'P214', 'P748', 'P110', 'P222']"
U624,"['P415', 'P530', 'P123', 'P296', 'P214']"
U625,"['P474', 'P286', 'P575', 'P642', 'P653']"
U626,"['P216', 'P230', 'P686', 'P484', 'P365']"
U627,"['P528', 'P430', 'P153', 'P599', 'P822']"
U628,"['P388', 'P790', 'P319', 'P479', 'P36']"
U629,"['P776', 'P185', 'P102', 'P216', 'P517']"
U63,"['P462', 'P547', 'P132', 'P620', 'P444']"
U630,"['P1000', 'P259', 'P65', 'P502', 'P581']"
U631,"['P112', 'P454', 'P414', 'P350', 'P435']"
U632,"['P538', 'P550', 'P712', 'P797', 'P998']"
U633,"['P472', 'P102', 'P557', 'P621', 'P852']"
U634,"['P375', 'P154', 'P417', 'P171', 'P775']"
U635,"['P782', 'P444', 'P527', 'P438', 'P366']"
U636,"['P370', 'P958', 'P502', 'P293', 'P543']"
U637,"['P754', 'P789', 'P906', 'P268', 'P907']"
U638,"['P417', 'P341', 'P448', 'P536', 'P262']"
U639,"['P918', 'P807', 'P126', 'P687', 'P529']"
U64,"['P210', 'P193', 'P325', 'P738', 'P997']"
U640,"['P145', 'P113', 'P691', 'P780', 'P892']"
U641,"['P318', 'P75', 'P918', 'P926', 'P989']"
U642,"['P532', 'P348', 'P759', 'P681', 'P418']"
U643,"['P324', 'P162', 'P163', 'P575', 'P753']"
U644,"['P122', 'P372', 'P506', 'P355', 'P566']"
U645,"['P504', 'P70', 'P731', 'P582', 'P67']"
U646,"['P225', 'P582', 'P504', 'P135', 'P267']"
U647,"['P55', 'P597', 'P865', 'P96', 'P527']"
U648,"['P182', 'P364', 'P464', 'P580', 'P652']"
U649,"['P367', 'P435', 'P232', 'P154', 'P718']"
U65,"['P162', 'P377', 'P265', 'P765', 'P908']"
U650,"['P231', 'P349', 'P501', 'P472', 'P283']"
U651,"['P38', 'P191', 'P359', 'P284', 'P526']"
U652,"['P239', 'P154', 'P724', 'P783', 'P79']"
U653,"['P936', 'P515', 'P439', 'P42', 'P698']"
U654,"['P305', 'P245', 'P445', 'P109', 'P137']"
U655,"['P166', 'P652', 'P677', 'P688', 'P77']"
U656,"['P192', 'P325', 'P326', 'P400', 'P511']"
U657,"['P324', 'P179', 'P434', 'P116', 'P615']"
U658,"['P430', 'P472', 'P44', 'P490', 'P320']"
U659,"['P149', 'P168', 'P144', 'P921', 'P96']"
U66,"['P460', 'P147', 'P606', 'P814', 'P899']"
U660,"['P348', 'P281', 'P304', 'P200', 'P427']"
U661,"['P71', 'P290', 'P493', 'P986', 'P185']"
U662,"['P288', 'P784', 'P809', 'P828', 'P878']"
U663,"['P474', 'P282', 'P386', 'P813', 'P697']"
U664,"['P268', 'P302', 'P214', 'P631', 'P730']"
U665,"['P183', 'P667', 'P674', 'P803', 'P469']"
U666,"['P282', 'P320', 'P689', 'P709', 'P818']"
U667,"['P268', 'P993', 'P975', 'P999', 'P500']"
U668,"['P225', 'P114', 'P582', 'P836', 'P529']"
U669,"['P156', 'P410', 'P575', 'P646', 'P655']"
U67,"['P298', 'P884', 'P937', 'P496', 'P404']"
U670,"['P440', 'P493', 'P422', 'P581', 'P681']"
U671,"['P48', 'P274', 'P27', 'P455', 'P594']"
U672,"['P412', 'P496', 'P489', 'P443', 'P129']"
U673,"['P423', 'P251', 'P677', 'P41', 'P348']"
U674,"['P537', 'P474', 'P617', 'P129', 'P143']"
U675,"['P225', 'P561', 'P566', 'P806', 'P865']"
U676,"['P460', 'P315', 'P807', 'P902', 'P131']"
U677,"['P116', 'P36', 'P266', 'P719', 'P177']"
U678,"['P975', 'P882', 'P285', 'P46', 'P615']"
U679,"['P330', 'P507', 'P565', 'P628', 'P982']"
U68,"['P925', 'P377', 'P217', 'P578', 'P604']"
U680,"['P963', 'P347', 'P270', 'P972', 'P557']"
U681,"['P974', 'P63', 'P975', 'P780', 'P822']"
U682,"['P597', 'P131', 'P780', 'P769', 'P426']"
U683,"['P392', 'P374', 'P511', 'P634', 'P664']"
U684,"['P212', 'P554', 'P679', 'P443', 'P504']"
U685,"['P378', 'P138', 'P194', 'P52', 'P451']"
U686,"['P299', 'P275', 'P76', 'P870', 'P977']"
U687,"['P340', 'P543', 'P339', 'P275', 'P594']"
U688,"['P104', 'P710', 'P725', 'P24', 'P304']"
U689,"['P273', 'P144', 'P146', 'P187', 'P353']"
U69,"['P197', 'P173', 'P615', 'P635', 'P809']"
U690,"['P162', 'P26', 'P910', 'P838', 'P693']"
U691,"['P197', 'P140', 'P520', 'P763', 'P925']"
U692,"['P285', 'P407', 'P610', 'P775', 'P891']"
U693,"['P278', 'P988', 'P466', 'P582', 'P59']"
U694,"['P126', 'P543', 'P157', 'P544', 'P715']"
U695,"['P435', 'P443', 'P18', 'P284', 'P478']"
U696,"['P169', 'P326', 'P119', 'P411', 'P284']"
U697,"['P440', 'P629', 'P65', 'P753', 'P833']"
U698,"['P197', 'P187', 'P624', 'P850', 'P37']"
U699,"['P360', 'P71', 'P10', 'P174', 'P633']"
U7,"['P298', 'P368', 'P724', 'P468', 'P726']"
U70,"['P988', 'P928', 'P515', 'P744', 'P439']"
U700,"['P804', 'P294', 'P495', 'P520', 'P524']"
U701,"['P565', 'P870', 'P816', 'P345', 'P139']"
U702,"['P207', 'P361', 'P536', 'P828', 'P94']"
U703,"['P702', 'P44', 'P639', 'P643', 'P749']"
U704,"['P363', 'P197', 'P187', 'P696', 'P445']"
U705,"['P412', 'P3', 'P902', 'P742', 'P630']"
U706,"['P30', 'P218', 'P3', 'P805', 'P905']"
U707,"['P209', 'P606', 'P720', 'P139', 'P149']"
U708,"['P106', 'P870', 'P241', 'P617', 'P499']"
U709,"['P567', 'P551', 'P709', 'P719', 'P795']"
U71,"['P545', 'P23', 'P14', 'P358', 'P338']"
U710,"['P363', 'P536', 'P726', 'P671', 'P647']"
U711,"['P501', 'P63', 'P64', 'P898', 'P332']"
U712,"['P296', 'P347', 'P670', 'P966', 'P149']"
U713,"['P238', 'P171', 'P312', 'P299', 'P358']"
U714,"['P55', 'P135', 'P405', 'P347', 'P204']"
U715,"['P368', 'P279', 'P349', 'P260', 'P262']"
U716,"['P102', 'P332', 'P621', 'P814', 'P165']"
U717,"['P49', 'P546', 'P170', 'P230', 'P178']"
U718,"['P437', 'P165', 'P10', 'P415', 'P154']"
U719,"['P559', 'P192', 'P279', 'P329', 'P207']"
U72,"['P364', 'P952', 'P966', 'P223', 'P499']"
U720,"['P212', 'P121', 'P146', 'P110', 'P328']"
U721,"['P21', 'P966', 'P496', 'P499', 'P790']"
U722,"['P528', 'P195', 'P223', 'P154', 'P599']"
U723,"['P24', 'P317', 'P331', 'P725', 'P774']"
U724,"['P386', 'P474', 'P138', 'P265', 'P273']"
U725,"['P343', 'P111', 'P204', 'P117', 'P449']"
U726,"['P917', 'P63', 'P963', 'P121', 'P873']"
U727,"['P975', 'P627', 'P166', 'P904', 'P63']"
U728,"['P195', 'P873', 'P901', 'P533', 'P984']"
U729,"['P889', 'P730', 'P998', 'P629', 'P275']"
U73,"['P137', 'P679', 'P820', 'P91', 'P943']"
U730,"['P466', 'P502', 'P237', 'P155', 'P629']"
U731,"['P144', 'P25', 'P366', 'P52', 'P649']"
U732,"['P168', 'P325', 'P443', 'P239', 'P567']"
U733,"['P138', 'P51', 'P531', 'P268', 'P948']"
U734,"['P114', 'P41', 'P506', 'P38', 'P227']"
U735,"['P278', 'P355', 'P26', 'P262', 'P361']"
U736,"['P422', 'P363', 'P397', 'P922', 'P500']"
U737,"['P543', 'P528', 'P565', 'P761', 'P980']"
U738,"['P429', 'P174', 'P445', 'P459', 'P621']"
U739,"['P7', 'P378', 'P1000', 'P286', 'P410']"
U74,"['P182', 'P120', 'P296', 'P728', 'P764']"
U740,"['P52', 'P282', 'P116', 'P499', 'P22']"
U741,"['P466', 'P237', 'P380', 'P682', 'P805']"
U742,"['P183', 'P803', 'P506', 'P314', 'P667']"
U743,"['P502', 'P880', 'P262', 'P536', 'P361']"
U744,"['P169', 'P948', 'P391', 'P230', 'P36']"
U745,"['P213', 'P275', 'P23', 'P789', 'P98']"
U746,"['P154', 'P304', 'P30', 'P710', 'P721']"
U747,"['P341', 'P640', 'P664', 'P206', 'P743']"
U748,"['P330', 'P919', 'P176', 'P391', 'P876']"
U749,"['P396', 'P385', 'P321', 'P581', 'P793']"
U75,"['P440', 'P728', 'P275', 'P889', 'P921']"
U750,"['P102', 'P499', 'P621', 'P89', 'P935']"
U751,"['P493', 'P163', 'P758', 'P91', 'P401']"
U752,"['P259', 'P1000', 'P740', 'P840', 'P937']"
U753,"['P299', 'P550', 'P66', 'P98', 'P988']"
U754,"['P120', 'P888', 'P266', 'P171', 'P346']"
U755,"['P30', 'P837', 'P905', 'P518', 'P164']"
U756,"['P397', 'P849', 'P352', 'P410', 'P422']"
U757,"['P473', 'P663', 'P418', 'P752', 'P133']"
U758,"['P344', 'P428', 'P367', 'P232', 'P745']"
U759,"['P213', 'P504', 'P295', 'P543', 'P610']"
U76,"['P689', 'P428', 'P315', 'P45', 'P843']"
U760,"['P518', 'P410', 'P264', 'P20', 'P212']"
U761,"['P214', 'P631', 'P889', 'P42', 'P599']"
U762,"['P992', 'P367', 'P155', 'P859', 'P745']"
U763,"['P995', 'P270', 'P7', 'P167', 'P906']"
U764,"['P357', 'P460', 'P177', 'P296', 'P382']"
U765,"['P375', 'P837', 'P524', 'P159', 'P693']"
U766,"['P642', 'P892', 'P215', 'P780', 'P292']"
U767,"['P502', 'P417', 'P571', 'P788', 'P809']"
U768,"['P519', 'P50', 'P449', 'P509', 'P248']"
U769,"['P332', 'P476', 'P814', 'P244', 'P217']"
U77,"['P271', 'P495', 'P377', 'P624', 'P655']"
U770,"['P23', 'P309', 'P835', 'P140', 'P788']"
U771,"['P92', 'P465', 'P89', 'P14', 'P224']"
U772,"['P805', 'P824', 'P636', 'P218', 'P66']"
U773,"['P54', 'P358', 'P511', 'P578', 'P329']"
U774,"['P511', 'P546', 'P237', 'P112', 'P995']"
U775,"['P403', 'P300', 'P467', 'P610', 'P486']"
U776,"['P82', 'P860', 'P838', 'P230', 'P557']"
U777,"['P1000', 'P559', 'P99', 'P30', 'P170']"
U778,"['P407', 'P600', 'P729', 'P789', 'P409']"
U779,"['P196', 'P568', 'P443', 'P359', 'P436']"
U78,"['P168', 'P326', 'P650', 'P872', 'P28']"
U780,"['P173', 'P120', 'P176', 'P491', 'P209']"
U781,"['P540', 'P290', 'P489', 'P370', 'P343']"
U782,"['P124', 'P582', 'P504', 'P212', 'P440']"
U783,"['P216', 'P520', 'P59', 'P607', 'P696']"
U784,"['P866', 'P283', 'P370', 'P191', 'P228']"
U785,"['P162', 'P5', 'P170', 'P229', 'P478']"
U786,"['P395', 'P48', 'P130', 'P436', 'P52']"
U787,"['P254', 'P384', 'P7', 'P834', 'P165']"
U788,"['P248', 'P690', 'P953', 'P963', 'P991']"
U789,"['P23', 'P358', 'P266', 'P551', 'P567']"
U79,"['P520', 'P435', 'P273', 'P59', 'P607']"
U790,"['P23', 'P333', 'P437', 'P655', 'P237']"
U791,"['P200', 'P281', 'P395', 'P442', 'P392']"
U792,"['P502', 'P322', 'P738', 'P911', 'P540']"
U793,"['P37', 'P304', 'P412', 'P744', 'P842']"
U794,"['P226', 'P173', 'P631', 'P209', 'P296']"
U795,"['P543', 'P904', 'P656', 'P379', 'P210']"
U796,"['P225', 'P114', 'P582', 'P719', 'P822']"
U797,"['P130', 'P326', 'P493', 'P195', 'P277']"
U798,"['P37', 'P301', 'P428', 'P1', 'P179']"
U799,"['P191', 'P265', 'P149', 'P759', 'P154']"
U8,"['P290', 'P580', 'P606', 'P70', 'P719']"
U80,"['P275', 'P15', 'P183', 'P693', 'P741']"
U800,"['P272', 'P263', 'P739', 'P209', 'P165']"
U801,"['P30', 'P215', 'P905', 'P980', 'P100']"
U802,"['P144', 'P78', 'P790', 'P795', 'P364']"
U803,"['P549', 'P122', 'P424', 'P265', 'P698']"
U804,"['P328', 'P105', 'P137', 'P667', 'P674']"
U805,"['P339', 'P409', 'P493', 'P348', 'P465']"
U806,"['P496', 'P617', 'P751', 'P89', 'P925']"
U807,"['P172', 'P392', 'P188', 'P515', 'P683']"
U808,"['P472', 'P347', 'P606', 'P631', 'P963']"
U809,"['P315', 'P293', 'P347', 'P296', 'P10']"
U81,"['P302', 'P614', 'P889', 'P318', 'P214']"
U810,"['P437', 'P434', 'P237', 'P612', 'P343']"
U811,"['P427', 'P395', 'P145', 'P743', 'P874']"
U812,"['P225', 'P211', 'P649', 'P720', 'P724']"
U813,"['P106', 'P859', 'P983', 'P714', 'P100']"
U814,"['P64', 'P741', 'P836', 'P111', 'P121']"
U815,"['P54', 'P393', 'P645', 'P690', 'P692']"
U816,"['P824', 'P52', 'P238', 'P285', 'P344']"
U817,"['P579', 'P308', 'P926', 'P950', 'P135']"
U818,"['P130', 'P397', 'P8', 'P652', 'P693']"
U819,"['P443', 'P933', 'P389', 'P937', 'P992']"
U82,"['P46', 'P850', 'P378', 'P250', 'P681']"
U820,"['P270', 'P238', 'P358', 'P302', 'P171']"
U821,"['P165', 'P577', 'P637', 'P64', 'P133']"
U822,"['P24', 'P358', 'P199', 'P455', 'P844']"
U823,"['P393', 'P175', 'P375', 'P419', 'P42']"
U824,"['P67', 'P948', 'P504', 'P629', 'P764']"
U825,"['P495', 'P507', 'P580', 'P987', 'P992']"
U826,"['P537', 'P165', 'P260', 'P120', 'P662']"
U827,"['P77', 'P111', 'P415', 'P374', 'P507']"
U828,"['P539', 'P830', 'P784', 'P718', 'P488']"
U829,"['P594', 'P735', 'P75', 'P820', 'P446']"
U83,"['P995', 'P440', 'P629', 'P917', 'P339']"
U830,"['P15', 'P275', 'P693', 'P763', 'P863']"
U831,"['P144', 'P649', 'P285', 'P181', 'P511']"
U832,"['P170', 'P35', 'P576', 'P630', 'P952']"
U833,"['P218', 'P546', 'P30', 'P178', 'P516']"
U834,"['P910', 'P228', 'P283', 'P293', 'P127']"
U835,"['P235', 'P125', 'P492', 'P369', 'P76']"
U836,"['P997', 'P386', 'P252', 'P174', 'P414']"
U837,"['P789', 'P298', 'P231', 'P18', 'P496']"
U838,"['P983', 'P977', 'P358', 'P298', 'P227']"
U839,"['P437', 'P296', 'P165', 'P176', 'P610']"
U84,"['P988', 'P742', 'P3', 'P42', 'P698']"
U840,"['P406', 'P569', 'P652', 'P764', 'P88']"
U841,"['P476', 'P718', 'P157', 'P925', 'P468']"
U842,"['P40', 'P319', 'P413', 'P454', 'P339']"
U843,"['P547', 'P221', 'P584', 'P742', 'P745']"
U844,"['P815', 'P148', 'P337', 'P65', 'P704']"
U845,"['P106', 'P241', 'P870', 'P513', 'P436']"
U846,"['P386', 'P107', 'P600', 'P729', 'P801']"
U847,"['P676', 'P245', 'P27', 'P363', 'P685']"
U848,"['P339', 'P108', 'P149', 'P629', 'P7']"
U849,"['P388', 'P15', 'P264', 'P358', 'P286']"
U85,"['P543', 'P754', 'P54', 'P73', 'P609']"
U850,"['P167', 'P121', 'P455', 'P110', 'P679']"
U851,"['P36', 'P266', 'P709', 'P719', 'P873']"
U852,"['P270', 'P271', 'P332', 'P557', 'P850']"
U853,"['P392', 'P30', 'P442', 'P323', 'P287']"
U854,"['P144', 'P501', 'P455', 'P280', 'P331']"
U855,"['P626', 'P794', 'P834', 'P942', 'P993']"
U856,"['P847', 'P431', 'P393', 'P613', 'P559']"
U857,"['P629', 'P708', 'P408', 'P196', 'P356']"
U858,"['P15', 'P388', 'P264', 'P602', 'P642']"
U859,"['P497', 'P285', 'P52', 'P375', 'P91']"
U86,"['P567', 'P289', 'P983', 'P916', 'P39']"
U860,"['P371', 'P154', 'P195', 'P223', 'P278']"
U861,"['P3', 'P439', 'P635', 'P654', 'P742']"
U862,"['P137', 'P179', 'P1', 'P301', 'P683']"
U863,"['P645', 'P217', 'P368', 'P146', 'P456']"
U864,"['P258', 'P222', 'P326', 'P293', 'P636']"
U865,"['P496', 'P633', 'P101', 'P412', 'P150']"
U866,"['P330', 'P111', 'P288', 'P389', 'P443']"
U867,"['P982', 'P822', 'P562', 'P700', 'P675']"
U868,"['P688', 'P634', 'P846', 'P51', 'P337']"
U869,"['P180', 'P404', 'P557', 'P670', 'P75']"
U87,"['P685', 'P529', 'P219', 'P655', 'P712']"
U870,"['P863', 'P285', 'P46', 'P652', 'P677']"
U871,"['P167', 'P23', 'P655', 'P721', 'P742']"
U872,"['P39', 'P285', 'P969', 'P358', 'P712']"
U873,"['P377', 'P378', 'P448', 'P400', 'P181']"
U874,"['P275', 'P54', 'P70', 'P729', 'P77']"
U875,"['P53', 'P239', 'P70', 'P724', 'P353']"
U876,"['P798', 'P975', 'P892', 'P826', 'P562']"
U877,"['P54', 'P27', 'P708', 'P830', 'P9']"
U878,"['P332', 'P355', 'P185', 'P147', 'P55']"
U879,"['P719', 'P282', 'P388', 'P52', 'P726']"
U88,"['P972', 'P600', 'P109', 'P11', 'P121']"
U880,"['P222', 'P293', 'P168', 'P650', 'P66']"
U881,"['P374', 'P625', 'P856', 'P980', 'P422']"
U882,"['P936', 'P992', 'P928', 'P852', 'P42']"
U883,"['P180', 'P487', 'P682', 'P475', 'P835']"
U884,"['P238', 'P486', 'P30', 'P141', 'P31']"
U885,"['P355', 'P472', 'P147', 'P55', 'P687']"
U886,"['P231', 'P283', 'P349', 'P472', 'P260']"
U887,"['P816', 'P453', 'P163', 'P201', 'P500']"
U888,"['P191', 'P386', 'P910', 'P93', 'P236']"
U889,"['P444', 'P111', 'P137', 'P162', 'P428']"
U89,"['P237', 'P380', 'P475', 'P629', 'P848']"
U890,"['P140', 'P265', 'P906', 'P247', 'P310']"
U891,"['P472', 'P606', 'P125', 'P237', 'P763']"
U892,"['P747', 'P755', 'P18', 'P203', 'P321']"
U893,"['P11', 'P178', 'P246', 'P266', 'P551']"
U894,"['P125', 'P585', 'P464', 'P728', 'P84']"
U895,"['P308', 'P226', 'P107', 'P445', 'P571']"
U896,"['P66', 'P675', 'P695', 'P825', 'P208']"
U897,"['P304', 'P1000', 'P502', 'P344', 'P442']"
U898,"['P225', 'P378', 'P607', 'P649', 'P769']"
U899,"['P189', 'P392', 'P358', 'P442', 'P550']"
U9,"['P130', 'P670', 'P811', 'P318', 'P410']"
U90,"['P124', 'P214', 'P889', 'P957', 'P42']"
U900,"['P85', 'P254', 'P400', 'P275', 'P270']"
U901,"['P644', 'P445', 'P344', 'P929', 'P146']"
U902,"['P356', 'P226', 'P144', 'P481', 'P107']"
U903,"['P923', 'P489', 'P180', 'P297', 'P91']"
U904,"['P481', 'P162', 'P573', 'P580', 'P7']"
U905,"['P564', 'P535', 'P48', 'P849', 'P676']"
U906,"['P544', 'P155', 'P383', 'P348', 'P502']"
U907,"['P830', 'P27', 'P217', 'P9', 'P456']"
U908,"['P421', 'P153', 'P219', 'P71', 'P755']"
U909,"['P355', 'P465', 'P523', 'P840', 'P524']"
U91,"['P288', 'P625', 'P784', 'P863', 'P425']"
U910,"['P443', 'P902', 'P861', 'P249', 'P786']"
U911,"['P434', 'P26', 'P963', 'P356', 'P683']"
U912,"['P330', 'P507', 'P318', 'P182', 'P67']"
U913,"['P543', 'P339', 'P594', 'P952', 'P122']"
U914,"['P435', 'P440', 'P618', 'P963', 'P344']"
U915,"['P469', 'P718', 'P78', 'P820', 'P853']"
U916,"['P41', 'P377', 'P428', 'P393', 'P37']"
U917,"['P75', 'P109', 'P872', 'P794', 'P305']"
U918,"['P317', 'P23', 'P75', 'P844', 'P986']"
U919,"['P25', 'P468', 'P406', 'P780', 'P975']"
U92,"['P474', 'P312', 'P355', 'P394', 'P18']"
U920,"['P66', 'P258', 'P275', 'P816', 'P789']"
U921,"['P326', 'P299', 'P293', 'P222', 'P30']"
U922,"['P85', 'P472', 'P591', 'P669', 'P951']"
U923,"['P386', 'P707', 'P910', 'P184', 'P240']"
U924,"['P241', 'P106', 'P870', 'P436', 'P171']"
U925,"['P305', 'P207', 'P262', 'P529', 'P264']"
U926,"['P402', 'P295', 'P201', 'P280', 'P834']"
U927,"['P155', 'P543', 'P443', 'P375', 'P57']"
U928,"['P393', 'P618', 'P5', 'P584', 'P390']"
U929,"['P549', 'P617', 'P765', 'P921', 'P998']"
U93,"['P189', 'P18', 'P44', 'P497', 'P428']"
U930,"['P300', 'P377', 'P23', 'P54', 'P604']"
U931,"['P683', 'P144', 'P669', 'P308', 'P950']"
U932,"['P732', 'P749', 'P720', 'P63', 'P621']"
U933,"['P3', 'P268', 'P709', 'P742', 'P151']"
U934,"['P223', 'P518', 'P633', 'P637', 'P776']"
U935,"['P324', 'P681', 'P952', 'P344', 'P500']"
U936,"['P225', 'P649', 'P720', 'P724', 'P769']"
U937,"['P310', 'P681', 'P526', 'P190', 'P518']"
U938,"['P113', 'P111', 'P476', 'P472', 'P52']"
U939,"['P675', 'P7', 'P834', 'P952', 'P156']"
U94,"['P424', 'P955', 'P456', 'P212', 'P368']"
U940,"['P331', 'P687', 'P854', 'P88', 'P906']"
U941,"['P328', 'P444', 'P105', 'P428', 'P359']"
U942,"['P780', 'P458', 'P174', 'P144', 'P117']"
U943,"['P410', 'P156', 'P40', 'P646', 'P655']"
U944,"['P13', 'P434', 'P818', 'P958', 'P113']"
U945,"['P210', 'P465', 'P14', 'P927', 'P728']"
U946,"['P25', 'P112', 'P297', 'P453', 'P286']"
U947,"['P273', 'P460', 'P408', 'P132', 'P233']"
U948,"['P198', 'P623', 'P788', 'P916', 'P924']"
U949,"['P145', 'P21', 'P460', 'P3', 'P230']"
U95,"['P537', 'P44', 'P228', 'P183', 'P184']"
U950,"['P759', 'P558', 'P808', 'P113', 'P63']"
U951,"['P374', 'P392', 'P669', 'P699', 'P846']"
U952,"['P3', 'P56', 'P455', 'P709', 'P180']"
U953,"['P520', 'P444', 'P696', 'P8', 'P445']"
U954,"['P752', 'P269', 'P708', 'P960', 'P941']"
U955,"['P408', 'P168', 'P443', 'P435', 'P745']"
U956,"['P207', 'P262', 'P687', 'P794', 'P878']"
U957,"['P810', 'P295', 'P755', 'P230', 'P450']"
U958,"['P442', 'P174', 'P873', 'P995', 'P551']"
U959,"['P989', 'P321', 'P935', 'P337', 'P930']"
U96,"['P991', 'P422', 'P370', 'P615', 'P675']"
U960,"['P434', 'P882', 'P128', 'P69', 'P728']"
U961,"['P54', 'P588', 'P71', 'P708', 'P515']"
U962,"['P154', 'P264', 'P578', 'P588', 'P329']"
U963,"['P230', 'P511', 'P678', 'P729', 'P782']"
U964,"['P406', 'P25', 'P221', 'P547', 'P617']"
U965,"['P898', 'P782', 'P395', 'P436', 'P649']"
U966,"['P26', 'P435', 'P391', 'P155', 'P221']"
U967,"['P321', 'P55', 'P737', 'P315', 'P284']"
U968,"['P594', 'P834', 'P440', 'P413', 'P317']"
U969,"['P13', 'P290', 'P177', 'P268', 'P406']"
U97,"['P332', 'P147', 'P651', 'P769', 'P807']"
U970,"['P154', 'P406', 'P25', 'P417', 'P175']"
U971,"['P414', 'P270', 'P525', 'P432', 'P268']"
U972,"['P378', 'P286', 'P831', 'P23', 'P1000']"
U973,"['P628', 'P1000', 'P125', 'P249', 'P376']"
U974,"['P233', 'P543', 'P23', 'P155', 'P191']"
U975,"['P36', 'P63', 'P888', 'P266', 'P576']"
U976,"['P199', 'P167', 'P140', 'P370', 'P123']"
U977,"['P381', 'P652', 'P713', 'P1', 'P712']"
U978,"['P554', 'P600', 'P449', 'P222', 'P326']"
U979,"['P458', 'P9', 'P170', 'P230', 'P211']"
U98,"['P445', 'P305', 'P245', 'P109', 'P65']"
U980,"['P386', 'P886', 'P910', 'P93', 'P23']"
U981,"['P46', 'P378', 'P505', 'P898', 'P919']"
U982,"['P971', 'P400', 'P511', 'P443', 'P192']"
U983,"['P154', 'P304', 'P332', 'P710', 'P721']"
U984,"['P775', 'P610', 'P407', 'P174', 'P915']"
U985,"['P14', 'P545', 'P279', 'P299', 'P18']"
U986,"['P917', 'P277', 'P783', 'P671', 'P759']"
U987,"['P260', 'P718', 'P846', 'P994', 'P428']"
U988,"['P955', 'P679', 'P212', 'P691', 'P85']"
U989,"['P48', 'P217', 'P358', 'P566', 'P645']"
U99,"['P388', 'P447', 'P680', 'P55', 'P137']"
U990,"['P180', 'P428', 'P633', 'P154', 'P805']"
U991,"['P444', 'P759', 'P8', 'P26', 'P172']"
U992,"['P187', 'P566', 'P926', 'P989', 'P137']"
U993,"['P501', 'P540', 'P162', 'P391', 'P423']"
U994,"['P753', 'P422', 'P440', 'P854', 'P880']"
U995,"['P699', 'P211', 'P490', 'P550', 'P660']"
U996,"['P468', 'P454', 'P85', 'P270', 'P175']"
U997,"['P514', 'P245', 'P363', 'P757', 'P792']"
U998,"['P324', 'P422', 'P183', 'P184', 'P628']"
U999,"['P969', 'P871', 'P397', 'P712', 'P526']"
